<?xml version="1.0" encoding="UTF-8"?>
<project-private xmlns="http://www.netbeans.org/ns/project-private/1">
    <editor-bookmarks xmlns="http://www.netbeans.org/ns/editor-bookmarks/2" lastBookmarkId="0"/>
    <open-files xmlns="http://www.netbeans.org/ns/projectui-open-files/2">
        <group>
            <file>file:/C:/Users/21521/OneDrive/Desktop/DoAnPrivateTeam-master/DoAnPrivateTeam-master/src/dao/ConnectionOracle.java</file>
            <file>file:/C:/Users/21521/OneDrive/Desktop/DoAnPrivateTeam-master/DoAnPrivateTeam-master/src/view/HoaDon.java</file>
            <file>file:/C:/Users/21521/OneDrive/Desktop/DoAnPrivateTeam-master/DoAnPrivateTeam-master/src/view/QuanLyKH.java</file>
            <file>file:/C:/Users/21521/OneDrive/Desktop/DoAnPrivateTeam-master/DoAnPrivateTeam-master/src/view/QuanLyNV.java</file>
            <file>file:/C:/Users/21521/OneDrive/Desktop/DoAnPrivateTeam-master/DoAnPrivateTeam-master/src/view/CTHD.java</file>
            <file>file:/C:/Users/21521/OneDrive/Desktop/DoAnPrivateTeam-master/DoAnPrivateTeam-master/src/view/HomePage.java</file>
            <file>file:/C:/Users/21521/OneDrive/Desktop/DoAnPrivateTeam-master/DoAnPrivateTeam-master/src/dao/ConnectionUtils.java</file>
            <file>file:/C:/Users/21521/OneDrive/Desktop/DoAnPrivateTeam-master/DoAnPrivateTeam-master/src/view/BaoCaoThongKe.java</file>
            <file>file:/C:/Users/21521/OneDrive/Desktop/DoAnPrivateTeam-master/DoAnPrivateTeam-master/src/view/QuanLySach.java</file>
            <file>file:/C:/Users/21521/OneDrive/Desktop/DoAnPrivateTeam-master/DoAnPrivateTeam-master/src/view/Login.java</file>
        </group>
    </open-files>
</project-private>
